-14.613,-14.613,-33.613,-42.613,-226.61,-46.613,69.387,58.387,112.39,27.387,-171.61,-160.61,25.387,116.39,-24.613,-29.613,149.39,-10.613,23.387,8.3867,-154.61,-180.61,-2.6133,21.387,-16.613,-126.61,-34.613,-34.613,-82.613,-94.613,-98.613,-148.61,-94.613,149.39,95.387,95.387,-37.613,-37.613,134.39,134.39,133.39,133.39,133.39,109.39,109.39,7.3867,7.3867,114.39,114.39,62.387,-30.613,6.3867,-39.613,-19.613,34.387,5.3867,71.387,-148.61,-77.613,48.387,142.39,13.387,-51.613,-2.6133,33.387,-21.613,-93.613,-62.613,21.387,10.387,-9.6133,47.387,31.387,0.38674,-29.613,70.387,-39.613,17.387,-142.61,43.387,77.387,110.39,105.39,4.3867,13.387,-14.613,103.39,-40.613,-26.613,-55.613,-114.61,-7.6133,-28.613,-37.613,36.387,16.387,-159.61,-47.613,-47.613,-8.6133,-124.61,-127.61,-24.613,31.387,-55.613,-141.61,-205.61,-85.613,-45.613,-56.613,-72.613,-130.61,-50.613,-60.613,-62.613,-68.613,-75.613,-75.613,-130.61,-97.613,-158.61,-111.61,0.38674,-121.61,-121.61,-112.61,-74.613,-74.613,-102.61,-102.61,-92.613,-92.613,-92.613,52.387,52.387,13.387,13.387,-20.613,13.387,13.387,29.387,71.387,9.3867,177.39,216.39,88.387,26.387,54.387,165.39,161.39,204.39,221.39,407.39,169.39,322.39,279.39,219.39,251.39,238.39,378.39,427.39,397.39,453.39,628.39,670.39,670.39,604.39,332.39,349.39,520.39,694.39,702.39,637.39,548.39,562.39,656.39,991.39,694.39,872.39,529.39,1089.4,914.39,483.39,649.39,727.39,605.39,172.39,121.39,614.39,507.39,453.39,558.39,584.39,351.39,145.39,222.39,346.39,129.39,257.39,193.39,425.39,501.39,400.39,341.39,184.39,119.39,190.39,503.39,424.39,62.387,184.39,365.39,369.39,303.39,441.39,377.39,253.39,327.39,446.39,501.39,422.39,534.39,534.39,368.39,368.39,240.39,240.39,417.39,417.39,308.39,318.39,381.39,340.39,480.39,482.39,576.39,500.39,310.39,327.39,308.39,320.39,231.39,97.387,154.39,246.39,277.39,143.39,42.387,157.39,-10.613,124.39,124.39,204.39,214.39,220.39,263.39,139.39,132.39,14.387,70.387,113.39,144.39,84.387,66.387,267.39,-4.6133,-35.613,-119.61,-151.61,-150.61,-127.61,-62.613,36.387,-178.61,-201.61,-183.61,-176.61,-14.613,112.39,48.387,177.39,177.39,-16.613,-131.61,-6.6133,-16.613,-39.613,1.3867,-81.613,-73.613,-100.61,86.387,158.39,69.387,69.387,36.387,-35.613,-83.613,-82.613,47.387,95.387,8.3867,-46.613,-122.61,-74.613,-74.613,-148.61,-148.61,-82.613,-82.613,-113.61,-113.61,-113.61,-86.613,-86.613,-43.613,-43.613,2.3867,2.3867,-38.613,30.387,139.39,139.39,28.387,43.387,171.39,222.39,204.39,141.39,136.39,76.387,103.39,46.387,20.387,51.387,143.39,108.39,-78.613,-133.61,-163.61,-66.613,43.387,-93.613,-46.613,119.39,-64.613,-12.613,-8.6133,4.3867,-27.613,38.387,48.387,28.387,84.387,145.39,111.39,-50.613,-95.613,-53.613,156.39,-14.613
-13.138,137.86,199.86,199.86,-139.14,-139.14,-121.14,-88.138,1.8619,-20.138,-20.138,-35.138,-160.14,7.8619,-105.14,-54.138,200.86,71.862,27.862,97.862,134.86,73.862,-31.138,-77.138,57.862,-60.138,-60.138,49.862,142.86,275.86,284.86,76.862,49.862,-4.1381,-229.14,-79.138,12.862,80.862,388.86,11.862,-91.138,-51.138,-116.14,15.862,-3.1381,45.862,-61.138,-28.138,46.862,73.862,-54.138,-64.138,110.86,110.86,128.86,85.862,15.862,-69.138,-69.138,1.8619,-30.138,-30.138,44.862,97.862,149.86,91.862,91.862,-10.138,-10.138,-59.138,-74.138,-74.138,6.8619,-17.138,19.862,36.862,49.862,49.862,117.86,108.86,108.86,88.862,88.862,88.862,193.86,193.86,193.86,-31.138,-31.138,-31.138,21.862,21.862,79.862,144.86,144.86,144.86,-10.138,29.862,-35.138,112.86,118.86,88.862,39.862,-4.1381,41.862,41.862,144.86,195.86,153.86,-71.138,-60.138,-8.1381,19.862,19.862,232.86,234.86,141.86,49.862,49.862,99.862,165.86,161.86,70.862,-0.13812,-126.14,32.862,323.86,309.86,554.86,277.86,259.86,248.86,275.86,258.86,361.86,377.86,396.86,438.86,284.86,288.86,247.86,297.86,176.86,10.862,27.862,27.862,100.86,249.86,433.86,365.86,157.86,16.862,158.86,92.862,53.862,-0.13812,-44.138,100.86,176.86,137.86,49.862,190.86,209.86,236.86,278.86,384.86,349.86,244.86,665.86,466.86,1197.9,1325.9,1750.9,1234.9,1195.9,1732.9,1818.9,1861.9,1799.9,2023.9,2554.9,1388.9,1388.9,1258.9,1201.9,1167.9,1020.9,870.86,1083.9,1478.9,1176.9,1210.9,1525.9,1231.9,1083.9,1056.9,1250.9,1124.9,1620.9,1099.9,940.86,780.86,986.86,865.86,447.86,447.86,363.86,570.86,456.86,632.86,786.86,629.86,759.86,986.86,589.86,590.86,537.86,226.86,214.86,199.86,190.86,111.86,119.86,52.862,-35.138,-40.138,-46.138,184.86,106.86,205.86,8.8619,8.8619,186.86,155.86,141.86,231.86,21.862,-68.138,-67.138,3.8619,12.862,77.862,13.862,34.862,24.862,59.862,59.862,-8.1381,-21.138,-9.1381,125.86,38.862,75.862,-13.138,-47.138,-47.138,-82.138,4.8619,4.8619,4.8619,189.86,189.86,189.86,189.86,86.862,86.862,86.862,-73.138,-73.138,-73.138,-114.14,-134.14,-134.14,-96.138,-75.138,-78.138,-78.138,-115.14,-103.14,-83.138,-54.138,24.862,-9.1381,-73.138,-102.14,-102.14,-79.138,-32.138,7.8619,-26.138,-154.14,-149.14,-187.14,-197.14,-196.14,-181.14,-171.14,84.862,-50.138,51.862,-85.138,15.862,31.862,135.86,157.86,-3.1381,136.86,201.86,134.86,157.86,185.86,128.86,126.86,-37.138,90.862,68.862,118.86,91.862,17.862,-85.138,-22.138,-246.14,-116.14,36.862,35.862,-193.14,-187.14,-58.138,67.862,-55.138,33.862,90.862,69.862,-26.138,56.862,129.86,-102.14,-113.14,-81.138,-64.138,-63.138,-119.14,-137.14,-172.14,-127.14,-73.138,-13.138,-40.138,-79.138,-79.138,49.862,49.862,-38.138,-38.138,-20.138,-20.138,-20.138,41.862,41.862,-13.138,-13.138
-43.768,-173.77,-80.768,8.232,-48.768,-58.768,93.232,6.232,-121.77,-23.768,75.232,14.232,-10.768,7.232,5.232,14.232,-54.768,80.232,-7.768,-73.768,4.232,113.23,87.232,119.23,132.23,105.23,56.232,79.232,-96.768,44.232,49.232,204.23,-12.768,-24.768,93.232,85.232,172.23,216.23,147.23,121.23,20.232,-57.768,62.232,252.23,290.23,137.23,108.23,161.23,-89.768,22.232,45.232,-1.768,33.232,84.232,-56.768,36.232,181.23,162.23,-54.768,-2.768,5.232,12.232,-77.768,-128.77,-93.768,-16.768,73.232,73.232,-52.768,-52.768,50.232,50.232,-15.768,-15.768,-15.768,-43.768,-43.768,-79.768,-79.768,-202.77,-153.77,-89.768,-73.768,-22.768,12.232,-196.77,-129.77,-81.768,-189.77,-216.77,-159.77,-94.768,-62.768,-231.77,-217.77,-0.76796,-55.768,-45.768,-63.768,46.232,-20.768,69.232,48.232,89.232,89.232,56.232,66.232,32.232,-20.768,-1.768,4.232,60.232,-36.768,81.232,63.232,-18.768,-224.77,-96.768,-38.768,-97.768,-98.768,-91.768,-90.768,100.23,124.23,-58.768,-20.768,27.232,-80.768,-8.768,-42.768,-149.77,-103.77,-36.768,-36.768,77.232,118.23,107.23,195.23,155.23,241.23,313.23,413.23,361.23,353.23,266.23,159.23,224.23,384.23,543.23,465.23,252.23,324.23,211.23,417.23,562.23,566.23,537.23,633.23,879.23,1031.2,1017.2,1013.2,707.23,794.23,794.23,738.23,738.23,875.23,875.23,1667.2,1729.2,1543.2,1404.2,1402.2,1377.2,1586.2,1653.2,1993.2,1882.2,2438.2,1939.2,1776.2,1947.2,1371.2,1332.2,1496.2,770.23,1170.2,1012.2,761.23,820.23,607.23,503.23,792.23,678.23,565.23,545.23,602.23,488.23,518.23,448.23,276.23,246.23,239.23,152.23,166.23,169.23,317.23,199.23,315.23,291.23,238.23,190.23,120.23,22.232,8.232,-17.768,-92.768,165.23,394.23,263.23,336.23,336.23,139.23,50.232,72.232,9.232,-151.77,-151.77,-49.768,-20.768,-62.768,-195.77,-195.77,-165.77,-165.77,-51.768,89.232,-10.768,95.232,1.232,1.232,-53.768,-65.768,-65.768,-88.768,-107.77,-107.77,-221.77,-221.77,-221.77,-37.768,-37.768,-37.768,-188.77,-188.77,-188.77,-281.77,-281.77,-223.77,-8.768,-8.768,33.232,45.232,45.232,189.23,258.23,152.23,192.23,192.23,176.23,20.232,-30.768,-159.77,-107.77,-77.768,-27.768,-68.768,-71.768,-104.77,-97.768,-81.768,-81.768,-121.77,-125.77,-106.77,-168.77,-35.768,81.232,156.23,173.23,199.23,14.232,250.23,26.232,16.232,8.232,170.23,124.23,125.23,102.23,51.232,105.23,-110.77,-46.768,-5.768,92.232,22.232,-40.768,-100.77,147.23,94.232,51.232,65.232,248.23,80.232,185.23,311.23,86.232,-3.768,-22.768,42.232,-24.768,-29.768,-49.768,-77.768,-127.77,-118.77,-3.768,-8.768,69.232,111.23,6.232,6.232,-233.77,-233.77,-96.768,-96.768,-99.768,-99.768,-192.77,-192.77,-42.768,-86.768,-86.768,29.232,29.232,-121.77,-121.77,-42.768,-42.768,-36.768,-36.768,-10.768,19.232,-57.768,-57.768,-80.768,-50.768,-43.768
-98.657,-98.657,-101.66,-117.66,-68.657,-65.657,-61.657,144.34,38.343,86.343,113.34,89.343,-116.66,10.343,23.343,-78.657,34.343,1.3425,99.343,33.343,59.343,-17.657,-142.66,-176.66,-141.66,-146.66,-138.66,-63.657,-9.6575,-7.6575,-65.657,32.343,1.3425,49.343,16.343,-51.657,16.343,46.343,-8.6575,-8.6575,2.3425,27.343,-110.66,-199.66,-42.657,109.34,65.343,170.34,41.343,-113.66,-47.657,-47.657,118.34,118.34,-198.66,-198.66,-272.66,-272.66,-272.66,-98.657,-98.657,87.343,87.343,-34.657,42.343,156.34,-121.66,-121.66,-170.66,-111.66,-44.657,-115.66,-115.66,-156.66,-226.66,-212.66,-119.66,65.343,87.343,45.343,48.343,-46.657,0.34254,-200.66,-122.66,-51.657,9.3425,36.343,36.343,124.34,124.34,30.343,59.343,-174.66,-136.66,-83.657,-6.6575,-15.657,-15.657,-80.657,-54.657,-33.657,-17.657,-51.657,-56.657,205.34,272.34,176.34,181.34,102.34,75.343,-59.657,-67.657,-67.657,-77.657,-77.657,-23.657,-76.657,-104.66,-87.657,-87.657,-149.66,-150.66,-71.657,-116.66,22.343,78.343,73.343,73.343,90.343,0.34254,131.34,-83.657,19.343,147.34,163.34,123.34,145.34,145.34,128.34,135.34,44.343,44.343,151.34,151.34,151.34,402.34,402.34,402.34,678.34,678.34,503.34,472.34,371.34,388.34,332.34,408.34,399.34,629.34,809.34,795.34,555.34,671.34,1002.3,1096.3,1057.3,729.34,1026.3,844.34,740.34,1241.3,1086.3,951.34,431.34,801.34,960.34,1120.3,765.34,765.34,722.34,1286.3,1224.3,952.34,979.34,891.34,612.34,270.34,278.34,199.34,79.343,188.34,260.34,553.34,196.34,147.34,179.34,85.343,-6.6575,44.343,-53.657,-204.66,-243.66,-148.66,-59.657,-59.657,-102.66,-71.657,2.3425,19.343,-113.66,-130.66,-52.657,133.34,168.34,172.34,-16.657,-117.66,-78.657,-48.657,111.34,114.34,114.34,-23.657,0.34254,-91.657,-217.66,-217.66,-73.657,-45.657,-45.657,-107.66,-223.66,-223.66,-175.66,-64.657,-64.657,-134.66,-134.66,-134.66,-62.657,-62.657,-136.66,22.343,22.343,-30.657,-62.657,-62.657,-45.657,-158.66,-177.66,-23.657,88.343,260.34,246.34,159.34,-25.657,-25.657,6.3425,-63.657,-31.657,155.34,263.34,183.34,57.343,-77.657,-121.66,-114.66,-114.66,55.343,184.34,-2.6575,-99.657,-117.66,-43.657,24.343,164.34,33.343,123.34,296.34,198.34,187.34,114.34,78.343,165.34,134.34,-13.657,-67.657,-0.65746,5.3425,121.34,98.343,-61.657,27.343,99.343,148.34,105.34,124.34,124.34,36.343,60.343,37.343,24.343,-5.6575,-5.6575,131.34,230.34,47.343,97.343,84.343,20.343,-1.6575,-72.657,-157.66,-75.657,-7.6575,-24.657,-112.66,-106.66,-134.66,-100.66,-100.66,56.343,56.343,-18.657,127.34,127.34,-120.66,-120.66,-120.66,-130.66,-130.66,-111.66,7.3425,23.343,297.34,297.34,165.34,-196.66,-196.66,-118.66,-129.66,-143.66,-54.657,108.34,139.34,162.34,210.34,130.34,132.34,48.343,11.343,25.343,153.34,69.343,-18.657,180.34,39.343,39.343,216.34,195.34,-98.657
7.1381,31.138,31.138,107.14,115.14,-114.86,-179.86,-99.862,54.138,54.138,54.138,119.14,75.138,-60.862,-60.862,-53.862,-53.862,-53.862,-18.862,-18.862,-22.862,423.14,423.14,215.14,148.14,148.14,192.14,121.14,121.14,127.14,143.14,158.14,-28.862,-147.86,-147.86,25.138,25.138,-47.862,-59.862,39.138,-46.862,-46.862,-70.862,212.14,212.14,175.14,145.14,117.14,29.138,29.138,-49.862,49.138,-208.86,-165.86,-134.86,-56.862,-58.862,52.138,30.138,-81.862,-103.86,-95.862,-65.862,-32.862,-32.862,-5.8619,85.138,62.138,161.14,145.14,-34.862,-1.8619,-2.8619,59.138,-37.862,52.138,52.138,14.138,-54.862,-253.86,-257.86,-233.86,-272.86,-243.86,-155.86,51.138,107.14,156.14,-28.862,-154.86,-170.86,-106.86,-83.862,-93.862,-4.8619,-28.862,128.14,79.138,27.138,19.138,19.138,29.138,29.138,-129.86,-129.86,-188.86,-188.86,-188.86,-117.86,-117.86,-35.862,-35.862,156.14,160.14,160.14,191.14,191.14,131.14,119.14,79.138,162.14,110.14,11.138,39.138,26.138,-137.86,67.138,219.14,207.14,230.14,169.14,240.14,132.14,-93.862,-55.862,-24.862,92.138,24.138,197.14,94.138,400.14,344.14,32.138,-41.862,144.14,171.14,223.14,314.14,106.14,208.14,352.14,555.14,426.14,442.14,457.14,825.14,985.14,758.14,997.14,1100.1,878.14,584.14,624.14,409.14,311.14,398.14,645.14,645.14,791.14,1139.1,916.14,363.14,990.14,1404.1,2600.1,2186.1,2314.1,2101.1,2458.1,2564.1,2651.1,2412.1,1971.1,1763.1,1763.1,1678.1,1318.1,953.14,749.14,433.14,466.14,357.14,357.14,369.14,369.14,301.14,301.14,301.14,616.14,616.14,310.14,310.14,265.14,427.14,427.14,474.14,343.14,314.14,152.14,157.14,183.14,400.14,459.14,394.14,265.14,171.14,54.138,179.14,180.14,-97.862,-73.862,-73.862,156.14,-9.8619,-82.862,47.138,56.138,56.138,-90.862,-90.862,-93.862,-60.862,4.1381,-10.862,-223.86,-129.86,-161.86,-164.86,-12.862,-136.86,-74.862,-98.862,-93.862,15.138,-122.86,-159.86,-220.86,-171.86,-205.86,-199.86,-257.86,-195.86,-196.86,-259.86,-259.86,-177.86,-111.86,-106.86,58.138,58.138,115.14,1.1381,140.14,194.14,4.1381,-149.86,-17.862,-17.862,39.138,76.138,85.138,39.138,64.138,-2.8619,73.138,-102.86,22.138,-55.862,-55.862,-22.862,47.138,47.138,16.138,-17.862,-17.862,104.14,104.14,104.14,18.138,18.138,-45.862,5.1381,-11.862,-67.862,-67.862,-53.862,-46.862,60.138,21.138,63.138,198.14,111.14,103.14,88.138,184.14,121.14,120.14,119.14,-27.862,-60.862,207.14,116.14,-25.862,0.13812,2.1381,31.138,22.138,-10.862,-123.86,-60.862,85.138,-33.862,-131.86,-65.862,-81.862,-126.86,-36.862,62.138,47.138,15.138,66.138,-13.862,42.138,274.14,151.14,-26.862,-40.862,22.138,-13.862,-107.86,-88.862,-93.862,-257.86,-179.86,6.1381,-101.86,-9.8619,7.1381,-61.862,-169.86,-169.86,-216.86,-195.86,-44.862,-92.862,-135.86,-188.86,-110.86,-25.862,-8.8619,7.1381
76.359,195.36,209.36,60.359,-25.641,-25.641,-43.641,-213.64,-162.64,-249.64,-208.64,-117.64,-121.64,-79.641,-94.641,-65.641,95.359,220.36,220.36,134.36,249.36,243.36,99.359,-118.64,-202.64,-123.64,-24.641,-64.641,-141.64,133.36,133.36,-163.64,-165.64,-141.64,-67.641,26.359,-9.6409,39.359,-38.641,157.36,166.36,182.36,119.36,69.359,113.36,91.359,107.36,154.36,128.36,38.359,15.359,17.359,25.359,81.359,149.36,145.36,-75.641,-16.641,-62.641,-4.6409,-69.641,114.36,164.36,102.36,7.3591,67.359,146.36,33.359,-7.6409,115.36,139.36,-19.641,71.359,265.36,225.36,78.359,-1.6409,-102.64,-166.64,-95.641,11.359,34.359,-2.6409,-61.641,-16.641,-24.641,-24.641,50.359,171.36,95.359,-4.6409,-62.641,16.359,36.359,-81.641,-80.641,-190.64,-68.641,-68.641,-99.641,-95.641,-11.641,-28.641,-46.641,-74.641,-161.64,-154.64,-54.641,-126.64,-151.64,-165.64,-221.64,-281.64,-253.64,-187.64,-111.64,-137.64,-126.64,-27.641,130.36,80.359,48.359,241.36,241.36,350.36,420.36,420.36,556.36,556.36,556.36,827.36,827.36,257.36,255.36,280.36,190.36,190.36,178.36,163.36,81.359,178.36,99.359,-41.641,213.36,347.36,414.36,377.36,344.36,59.359,266.36,350.36,369.36,286.36,246.36,275.36,434.36,666.36,600.36,600.36,424.36,578.36,327.36,655.36,451.36,525.36,531.36,649.36,1027.4,1371.4,1662.4,1452.4,1474.4,1240.4,1341.4,1483.4,1801.4,2668.4,2490.4,2646.4,2741.4,2809.4,2325.4,2762.4,1781.4,2233.4,2497.4,1708.4,1898.4,1498.4,1117.4,1294.4,1190.4,1012.4,687.36,589.36,592.36,635.36,625.36,393.36,194.36,297.36,94.359,140.36,244.36,253.36,781.36,537.36,494.36,539.36,620.36,428.36,448.36,647.36,179.36,179.36,422.36,422.36,354.36,354.36,354.36,183.36,183.36,178.36,178.36,146.36,146.36,24.359,98.359,120.36,95.359,58.359,-209.64,-266.64,-280.64,-194.64,-188.64,-124.64,-36.641,-112.64,-141.64,-73.641,69.359,-14.641,-35.641,-10.641,28.359,-8.6409,-150.64,-131.64,-40.641,-139.64,-137.64,-78.641,155.36,159.36,169.36,-93.641,-151.64,-5.6409,-66.641,135.36,-95.641,-71.641,218.36,150.36,224.36,88.359,149.36,102.36,12.359,-59.641,-61.641,-154.64,-182.64,-90.641,-81.641,-46.641,-8.6409,-79.641,-144.64,7.3591,177.36,159.36,370.36,130.36,-43.641,-39.641,-75.641,-112.64,-117.64,-20.641,-142.64,-256.64,-204.64,-72.641,-3.6409,44.359,29.359,15.359,-38.641,19.359,31.359,31.359,62.359,62.359,-15.641,-15.641,88.359,88.359,88.359,92.359,92.359,-98.641,-98.641,-128.64,-111.64,-111.64,-172.64,-123.64,-10.641,18.359,10.359,7.3591,3.3591,-58.641,-4.6409,-6.6409,64.359,22.359,21.359,-6.6409,-25.641,-25.641,-24.641,42.359,38.359,27.359,153.36,150.36,124.36,115.36,98.359,98.359,93.359,95.359,43.359,-38.641,-59.641,69.359,-114.64,-237.64,-237.64,-212.64,-196.64,-207.64,-200.64,-216.64,-231.64,-215.64,-1.6409,76.359
130.48,129.48,129.48,128.48,78.481,103.48,155.48,171.48,-25.519,88.481,88.481,159.48,101.48,138.48,191.48,219.48,138.48,98.481,98.481,416.48,317.48,286.48,61.481,45.481,-87.519,-133.52,-125.52,-64.519,-7.5193,-126.52,-241.52,-140.52,-151.52,-120.52,-58.519,-165.52,-247.52,-126.52,-49.519,-11.519,-89.519,108.48,108.48,59.481,65.481,35.481,82.481,137.48,14.481,-26.519,-3.5193,13.481,-25.519,-52.519,-52.519,-0.51934,89.481,29.481,-0.51934,-25.519,-74.519,-128.52,-53.519,74.481,-71.519,-95.519,-23.519,22.481,-15.519,-53.519,19.481,28.481,-10.519,-73.519,-73.519,-138.52,-183.52,-230.52,-131.52,-131.52,-44.519,-44.519,-78.519,-78.519,-78.519,-81.519,-81.519,-60.519,-60.519,189.48,189.48,-16.519,-111.52,-65.519,-79.519,-61.519,-163.52,-230.52,-89.519,-90.519,-188.52,-162.52,-100.52,11.481,-135.52,-236.52,-237.52,-187.52,-174.52,73.481,51.481,-82.519,-68.519,205.48,232.48,226.48,54.481,120.48,22.481,-67.519,-35.519,26.481,45.481,86.481,-50.519,54.481,-26.519,216.48,146.48,340.48,477.48,808.48,525.48,446.48,540.48,641.48,651.48,474.48,387.48,518.48,489.48,637.48,335.48,676.48,502.48,596.48,717.48,737.48,621.48,401.48,493.48,712.48,793.48,800.48,1120.5,881.48,981.48,886.48,792.48,633.48,683.48,621.48,847.48,992.48,863.48,1009.5,1182.5,1182.5,1116.5,1116.5,1155.5,1155.5,1740.5,1740.5,1740.5,1803.5,1803.5,1688.5,1688.5,1578.5,2091.5,2091.5,1598.5,1469.5,1538.5,1358.5,1236.5,880.48,877.48,1013.5,937.48,811.48,641.48,581.48,592.48,732.48,555.48,356.48,356.48,285.48,376.48,274.48,596.48,318.48,318.48,198.48,198.48,578.48,741.48,663.48,682.48,499.48,163.48,507.48,809.48,556.48,259.48,714.48,917.48,760.48,532.48,392.48,332.48,276.48,264.48,210.48,121.48,70.481,354.48,164.48,171.48,171.48,269.48,246.48,102.48,48.481,48.481,76.481,171.48,171.48,81.481,178.48,363.48,62.481,62.481,155.48,155.48,248.48,66.481,33.481,7.4807,88.481,88.481,126.48,20.481,20.481,-23.519,-25.519,-25.519,-54.519,-70.519,-70.519,-118.52,-118.52,-118.52,-9.5193,-9.5193,-43.519,-114.52,-118.52,67.481,67.481,13.481,-30.519,-142.52,-150.52,-178.52,-196.52,-211.52,-171.52,-125.52,-36.519,-64.519,-65.519,-197.52,-164.52,-144.52,-192.52,-207.52,-134.52,-196.52,-194.52,-188.52,-276.52,-99.519,-161.52,-33.519,-158.52,-150.52,-179.52,-188.52,-140.52,-66.519,21.481,39.481,-223.52,-181.52,-226.52,-138.52,-67.519,-33.519,-38.519,70.481,-17.519,-49.519,-72.519,-70.519,-194.52,-64.519,58.481,25.481,-35.519,-46.519,1.4807,32.481,143.48,175.48,242.48,7.4807,119.48,233.48,54.481,71.481,66.481,130.48,154.48,88.481,34.481,83.481,85.481,215.48,217.48,101.48,101.48,35.481,126.48,126.48,292.48,292.48,166.48,232.48,232.48,88.481,88.481,88.481,290.48,290.48,162.48,92.481,92.481,130.48
-62.751,12.249,148.25,3.2486,-39.751,-110.75,51.249,48.249,-199.75,-202.75,-281.75,-179.75,7.2486,19.249,-12.751,8.2486,-78.751,-36.751,-109.75,85.249,16.249,46.249,8.2486,220.25,98.249,91.249,35.249,5.2486,25.249,103.25,165.25,234.25,110.25,-69.751,-4.7514,-56.751,28.249,21.249,-3.7514,-40.751,25.249,39.249,56.249,39.249,9.2486,47.249,-15.751,-45.751,133.25,132.25,-17.751,-17.751,73.249,73.249,128.25,60.249,60.249,10.249,10.249,72.249,72.249,72.249,81.249,81.249,72.249,72.249,-82.751,-105.75,-105.75,40.249,40.249,-13.751,-43.751,20.249,-31.751,20.249,5.2486,115.25,-26.751,-93.751,-80.751,-68.751,-178.75,-204.75,-222.75,-225.75,-151.75,-59.751,-9.7514,-249.75,-303.75,-303.75,-291.75,-200.75,-200.75,5.2486,-80.751,-56.751,-9.7514,-0.75138,-62.751,-1.7514,-162.75,-220.75,-182.75,-6.7514,-80.751,8.2486,39.249,-107.75,-189.75,-169.75,-145.75,-133.75,-179.75,-294.75,-179.75,-179.75,-154.75,-254.75,-251.75,-270.75,-109.75,-33.751,-21.751,-171.75,-158.75,-287.75,-219.75,-163.75,-82.751,-29.751,-4.7514,70.249,86.249,-113.75,-64.751,-153.75,205.25,215.25,389.25,478.25,288.25,143.25,143.25,304.25,304.25,380.25,380.25,184.25,184.25,184.25,236.25,236.25,747.25,747.25,348.25,206.25,291.25,281.25,398.25,545.25,476.25,472.25,616.25,657.25,951.25,1099.2,888.25,1349.2,1229.2,940.25,906.25,768.25,1176.2,1402.2,1478.2,1757.2,1515.2,1508.2,1912.2,876.25,595.25,733.25,168.25,315.25,159.25,-8.7514,57.249,135.25,-4.7514,-23.751,751.25,261.25,229.25,512.25,239.25,658.25,477.25,499.25,1179.2,496.25,227.25,576.25,525.25,664.25,913.25,913.25,880.25,654.25,834.25,545.25,577.25,455.25,355.25,368.25,346.25,393.25,503.25,539.25,413.25,288.25,183.25,288.25,404.25,494.25,425.25,360.25,171.25,-90.751,-119.75,5.2486,-4.7514,-4.7514,-140.75,-113.75,-113.75,48.249,48.249,11.249,11.249,11.249,-100.75,-100.75,-39.751,-39.751,-19.751,-25.751,-25.751,-54.751,-124.75,-133.75,-164.75,-141.75,136.25,136.25,88.249,208.25,184.25,116.25,62.249,23.249,8.2486,-77.751,-115.75,-102.75,-55.751,-90.751,27.249,122.25,173.25,86.249,18.249,-234.75,-239.75,-82.751,-80.751,-11.751,87.249,182.25,67.249,156.25,2.2486,124.25,3.2486,68.249,-29.751,-111.75,8.2486,-74.751,-40.751,96.249,19.249,55.249,-39.751,-115.75,-67.751,-46.751,-64.751,112.25,40.249,29.249,-98.751,24.249,348.25,108.25,27.249,48.249,32.249,-33.751,-62.751,-31.751,-100.75,-116.75,-35.751,6.2486,0.24862,-121.75,-119.75,122.25,226.25,264.25,223.25,-56.751,-56.751,-97.751,-97.751,-72.751,-72.751,198.25,198.25,198.25,-158.75,-158.75,94.249,94.249,54.249,54.249,-46.751,-25.751,-195.75,-239.75,24.249,45.249,-123.75,-167.75,-133.75,-82.751,-0.75138,5.2486,118.25,59.249,78.249,22.249,-30.751,-72.751,84.249,265.25,116.25,-21.751,-62.751
-14.376,-14.376,46.624,-35.376,-24.376,-82.376,-19.376,41.624,48.624,103.62,94.624,97.624,-26.376,11.624,15.624,81.624,-8.3757,-71.376,-94.376,-77.376,-5.3757,-41.376,-97.376,-261.38,-225.38,-233.38,-164.38,-206.38,-36.376,-30.376,-247.38,-218.38,-160.38,-115.38,102.62,27.624,-66.376,-107.38,-33.376,11.624,-4.3757,87.624,88.624,70.624,11.624,-5.3757,70.624,176.62,201.62,-3.3757,208.62,208.62,42.624,42.624,-38.376,-38.376,-82.376,-82.376,-82.376,74.624,74.624,-10.376,-10.376,-85.376,106.62,106.62,106.62,139.62,148.62,112.62,71.624,110.62,52.624,109.62,58.624,90.624,59.624,116.62,84.624,173.62,217.62,120.62,11.624,14.624,151.62,271.62,209.62,209.62,305.62,167.62,249.62,208.62,94.624,83.624,183.62,184.62,165.62,152.62,113.62,125.62,163.62,299.62,270.62,404.62,353.62,328.62,115.62,140.62,157.62,-14.376,194.62,364.62,297.62,260.62,438.62,447.62,363.62,529.62,529.62,607.62,523.62,364.62,428.62,586.62,565.62,331.62,412.62,617.62,854.62,841.62,667.62,557.62,780.62,780.62,601.62,556.62,468.62,473.62,457.62,438.62,438.62,570.62,1329.6,1329.6,967.62,967.62,1042.6,1042.6,1042.6,1638.6,1638.6,1564.6,1564.6,1250.6,1250.6,1299.6,1102.6,1001.6,1119.6,1490.6,837.62,953.62,893.62,743.62,1190.6,1162.6,1249.6,1077.6,1076.6,1450.6,1264.6,1118.6,1486.6,1203.6,1204.6,1089.6,875.62,1146.6,945.62,1262.6,1858.6,1858.6,1716.6,1673.6,1704.6,1625.6,1787.6,1342.6,1295.6,860.62,309.62,459.62,420.62,367.62,171.62,255.62,110.62,145.62,254.62,172.62,310.62,181.62,313.62,286.62,375.62,394.62,323.62,323.62,226.62,173.62,204.62,111.62,33.624,63.624,103.62,51.624,-24.376,-89.376,-136.38,-58.376,-83.376,-41.376,-55.376,9.6243,-49.376,-135.38,-129.38,-122.38,-46.376,-95.376,-95.376,-150.38,-188.38,-188.38,-76.376,-76.376,-123.38,-123.38,-123.38,-12.376,-12.376,135.62,135.62,7.6243,-98.376,-98.376,20.624,20.624,-70.376,-119.38,-72.376,116.62,214.62,154.62,6.6243,-39.376,-6.3757,94.624,142.62,177.62,271.62,167.62,483.62,369.62,293.62,238.62,118.62,95.624,66.624,53.624,-41.376,-41.376,90.624,-66.376,-54.376,-108.38,-108.38,-91.376,-236.38,-177.38,-105.38,-61.376,18.624,-134.38,-131.38,99.624,211.62,179.62,137.62,162.62,77.624,-7.3757,-108.38,-116.38,-116.38,-42.376,-114.38,-114.38,-93.376,26.624,167.62,54.624,-141.38,-29.376,8.6243,74.624,-44.376,38.624,157.62,66.624,-73.376,-137.38,-120.38,-44.376,33.624,-35.376,-105.38,-105.38,-13.376,-9.3757,-9.3757,-110.38,-119.38,-100.38,-105.38,-105.38,-76.376,-76.376,-76.376,26.624,26.624,-26.376,-26.376,-58.376,-87.376,-87.376,-86.376,8.6243,73.624,-30.376,-108.38,-90.376,-90.376,39.624,119.62,240.62,130.62,65.624,116.62,-29.376,12.624,-39.376,-24.376,-165.38,-142.38,4.6243,-57.376,-57.376,-115.38,100.62,-14.376
-57.315,-91.315,11.685,153.69,67.685,-56.315,30.685,-22.315,-50.315,83.685,91.685,121.69,201.69,-15.315,-2.3149,52.685,44.685,67.685,-118.31,-29.315,38.685,38.685,104.69,-35.315,3.6851,-117.31,-107.31,-17.315,90.685,-60.315,78.685,59.685,-86.315,-8.3149,118.69,63.685,-23.315,2.6851,111.69,79.685,20.685,-189.31,-3.3149,-34.315,-300.31,-139.31,-80.315,6.6851,-23.315,-224.31,-157.31,-135.31,-142.31,-89.315,123.69,148.69,91.685,-46.315,5.6851,112.69,55.685,-50.315,-127.31,-144.31,-155.31,-21.315,114.69,201.69,-74.315,-146.31,-155.31,-216.31,-169.31,-124.31,-255.31,-255.31,-128.31,-128.31,-112.31,-112.31,-10.315,-10.315,-10.315,44.685,44.685,-53.315,-53.315,-182.31,-87.315,-36.315,-127.31,-127.31,-34.315,47.685,68.685,-213.31,-213.31,-200.31,-210.31,-232.31,-239.31,-229.31,-73.315,-52.315,-100.31,-145.31,-204.31,-36.315,20.685,-133.31,-207.31,-175.31,-175.31,-110.31,-84.315,75.685,90.685,-129.31,-77.315,-6.3149,-67.315,-240.31,-133.31,-147.31,-119.31,-122.31,-147.31,19.685,121.69,76.685,-0.31492,-97.315,84.685,-1.3149,135.69,156.69,228.69,203.69,203.69,185.69,193.69,165.69,165.69,12.685,-50.315,118.69,241.69,191.69,397.69,834.69,766.69,597.69,263.69,418.69,431.69,729.69,892.69,1143.7,1294.7,1585.7,1328.7,1182.7,1182.7,956.69,956.69,856.69,856.69,1471.7,1471.7,965.69,965.69,1349.7,1633.7,1633.7,1358.7,1358.7,2142.7,2626.7,2719.7,2516.7,3296.7,3182.7,2389.7,2451.7,2208.7,2312.7,1926.7,2527.7,1805.7,1647.7,1472.7,1411.7,1038.7,597.69,545.69,716.69,441.69,633.69,608.69,1425.7,1024.7,834.69,908.69,1038.7,1051.7,1115.7,698.69,575.69,637.69,664.69,435.69,457.69,548.69,395.69,261.69,23.685,41.685,-10.315,-29.315,57.685,-178.31,-178.31,-20.315,13.685,-48.315,69.685,-10.315,40.685,-101.31,-77.315,-125.31,-92.315,-222.31,-200.31,-95.315,-242.31,-286.31,-199.31,-121.31,-22.315,-12.315,-102.31,-133.31,-93.315,-89.315,-74.315,-20.315,-20.315,-48.315,35.685,19.685,-101.31,-173.31,41.685,41.685,58.685,77.685,77.685,-97.315,-97.315,-142.31,-142.31,-142.31,-124.31,-124.31,-219.31,-219.31,-49.315,-49.315,-97.315,-61.315,16.685,105.69,144.69,136.69,145.69,173.69,105.69,76.685,98.685,176.69,183.69,90.685,5.6851,-27.315,-108.31,-232.31,-157.31,124.69,44.685,-12.315,81.685,95.685,6.6851,25.685,-31.315,72.685,16.685,41.685,-51.315,-79.315,-57.315,65.685,26.685,-59.315,-53.315,136.69,135.69,247.69,167.69,115.69,-121.31,-122.31,-145.31,23.685,116.69,-6.3149,-28.315,-52.315,-112.31,-52.315,-52.315,-34.315,87.685,354.69,104.69,-13.315,-25.315,2.6851,231.69,136.69,119.69,248.69,188.69,96.685,57.685,59.685,63.685,171.69,197.69,116.69,169.69,128.69,-25.315,-25.315,-57.315,-57.315,-168.31,-168.31,-144.31,-144.31,-32.315,82.685,82.685,-79.315,-79.315,-92.315,-92.315,-63.315,-63.315,-57.315
5.5525,-32.448,1.5525,-56.448,51.552,-209.45,-275.45,-275.45,-97.448,-79.448,-34.448,-83.448,-23.448,125.55,14.552,-172.45,-1.4475,45.552,-93.448,-16.448,166.55,319.55,330.55,230.55,107.55,91.552,133.55,43.552,-287.45,-287.45,-259.45,-259.45,-76.448,-76.448,-63.448,-63.448,116.55,-132.45,-132.45,8.5525,5.5525,-20.448,-5.4475,75.552,50.552,3.5525,-82.448,-177.45,28.552,95.552,197.55,206.55,222.55,168.55,179.55,-19.448,115.55,209.55,101.55,-73.448,-73.448,-31.448,129.55,116.55,118.55,243.55,190.55,190.55,54.552,-24.448,-56.448,-87.448,-41.448,-30.448,20.552,181.55,-10.448,-167.45,-48.448,-65.448,36.552,172.55,36.552,87.552,43.552,-95.448,-111.45,-177.45,-172.45,-206.45,-188.45,-167.45,-167.45,-235.45,-361.45,-383.45,-313.45,-323.45,-351.45,-298.45,-298.45,-298.45,-174.45,-214.45,-241.45,-284.45,-254.45,-254.45,-333.45,-363.45,-248.45,-195.45,-214.45,-351.45,-392.45,-363.45,-363.45,-363.45,-207.45,-158.45,-158.45,-166.45,-239.45,-239.45,-239.45,-258.45,-258.45,-258.45,-28.448,-28.448,-28.448,-124.45,-191.45,-191.45,-1.4475,26.552,26.552,85.552,-76.448,-70.448,52.552,34.552,194.55,159.55,405.55,715.55,620.55,669.55,400.55,224.55,441.55,492.55,485.55,593.55,640.55,606.55,946.55,977.55,1206.6,1187.6,1332.6,1591.6,1095.6,1363.6,1034.6,617.55,621.55,348.55,848.55,838.55,730.55,1242.6,1548.6,1586.6,2183.6,2353.6,2483.6,2427.6,2935.6,2306.6,2959.6,2017.6,1678.6,1324.6,1702.6,1058.6,1202.6,791.55,449.55,81.552,236.55,320.55,181.55,45.552,69.552,163.55,163.55,506.55,386.55,188.55,211.55,201.55,261.55,152.55,211.55,434.55,544.55,320.55,230.55,212.55,212.55,515.55,515.55,5.5525,5.5525,197.55,197.55,197.55,-244.45,-244.45,-199.45,-199.45,-160.45,-288.45,-288.45,-223.45,-178.45,-199.45,-176.45,-72.448,-139.45,-218.45,-225.45,-208.45,-123.45,23.552,-193.45,-307.45,-319.45,-305.45,-189.45,-170.45,-190.45,-233.45,-86.448,73.552,73.552,123.55,138.55,27.552,16.552,93.552,92.552,155.55,92.552,187.55,380.55,215.55,285.55,-25.448,212.55,244.55,192.55,100.55,204.55,268.55,311.55,276.55,165.55,19.552,-81.448,57.552,58.552,177.55,212.55,244.55,244.55,296.55,-4.4475,74.552,35.552,77.552,77.552,-14.448,-175.45,-128.45,-243.45,-140.45,32.552,1.5525,1.5525,-54.448,11.552,62.552,151.55,102.55,148.55,88.552,88.552,2.5525,5.5525,5.5525,-54.448,-110.45,-110.45,-154.45,-154.45,-154.45,164.55,164.55,75.552,-39.448,-63.448,-24.448,-24.448,-88.448,-201.45,-142.45,31.552,70.552,-19.448,-48.448,-55.448,-23.448,20.552,-4.4475,-35.448,59.552,68.552,47.552,46.552,-53.448,-182.45,-113.45,-80.448,26.552,26.552,187.55,169.55,62.552,-90.448,-19.448,16.552,52.552,82.552,125.55,65.552,76.552,-47.448,76.552,-14.448,-60.448,-80.448,-97.448,-170.45,-102.45,-117.45,-240.45,-177.45,2.5525,5.5525
338.41,344.41,169.41,-33.591,111.41,313.41,206.41,405.41,409.41,248.41,230.41,391.41,222.41,340.41,185.41,82.409,25.409,142.41,436.41,587.41,193.41,71.409,97.409,233.41,167.41,145.41,-89.591,-209.59,-9.5912,159.41,-24.591,-21.591,-91.591,-51.591,-115.59,-288.59,-138.59,-96.591,-99.591,-252.59,-265.59,-227.59,-92.591,-27.591,-234.59,1.4088,25.409,-44.591,-19.591,-11.591,-109.59,19.409,52.409,39.409,-127.59,-230.59,-210.59,-1.5912,-1.5912,56.409,56.409,-148.59,-110.59,-110.59,82.409,82.409,25.409,25.409,16.409,4.4088,43.409,-28.591,-105.59,-0.59116,-5.5912,-209.59,-181.59,-147.59,-147.59,-103.59,-62.591,119.41,-26.591,47.409,89.409,44.409,120.41,48.409,74.409,276.41,144.41,-89.591,-89.591,-192.59,-63.591,-83.591,73.409,-33.591,-50.591,-184.59,-44.591,-43.591,-230.59,-105.59,-161.59,-69.591,-126.59,-308.59,-298.59,-283.59,-248.59,-289.59,-259.59,-230.59,-230.59,-179.59,-209.59,-201.59,-235.59,-231.59,-291.59,-294.59,-294.59,-328.59,-324.59,-171.59,-68.591,-125.59,-93.591,-86.591,-119.59,-223.59,-138.59,-277.59,-211.59,-241.59,-199.59,-139.59,33.409,-100.59,-113.59,-137.59,-194.59,-174.59,-224.59,-282.59,-172.59,-172.59,70.409,70.409,149.41,149.41,149.41,184.41,28.409,101.41,191.41,195.41,278.41,284.41,508.41,540.41,882.41,920.41,1251.4,1464.4,1186.4,1476.4,1329.4,1646.4,1748.4,1917.4,2070.4,2303.4,2206.4,2346.4,2358.4,2600.4,2600.4,2091.4,3426.4,2838.4,2136.4,2969.4,2115.4,1959.4,1808.4,1619.4,1425.4,2041.4,1384.4,1364.4,1864.4,1446.4,1725.4,1701.4,1278.4,1197.4,1025.4,1214.4,937.41,1148.4,594.41,277.41,211.41,276.41,306.41,-103.59,-65.591,-75.591,-150.59,-141.59,-298.59,-140.59,-119.59,-256.59,-278.59,-281.59,-292.59,-332.59,-350.59,-422.59,-265.59,-252.59,-312.59,-401.59,-415.59,-404.59,-363.59,-394.59,-346.59,-277.59,-326.59,-320.59,-210.59,-210.59,-245.59,-245.59,-281.59,-281.59,-323.59,-323.59,-323.59,-218.59,-218.59,-315.59,-315.59,-205.59,-205.59,-169.59,-256.59,-282.59,-225.59,-184.59,-195.59,-146.59,-53.591,-9.5912,-27.591,61.409,-70.591,-196.59,-241.59,-280.59,-252.59,-214.59,-62.591,-145.59,-148.59,-205.59,-244.59,-264.59,-247.59,-205.59,-75.591,-181.59,-264.59,-232.59,-207.59,-201.59,-191.59,-181.59,-122.59,-147.59,-40.591,21.409,-168.59,-152.59,-36.591,81.409,-58.591,72.409,32.409,-104.59,70.409,-51.591,-291.59,-141.59,-152.59,-157.59,-211.59,-211.59,-238.59,-297.59,-210.59,-215.59,-163.59,-65.591,-123.59,-179.59,-249.59,-245.59,-161.59,-86.591,-87.591,-97.591,9.4088,103.41,5.4088,-111.59,-99.591,283.41,283.41,4.4088,4.4088,75.409,75.409,-66.591,-112.59,-151.59,-135.59,-156.59,162.41,246.41,99.409,73.409,-11.591,-34.591,-68.591,-8.5912,-4.5912,51.409,101.41,-59.591,-6.5912,22.409,169.41,300.41,261.41,175.41,251.41,115.41,399.41,241.41,105.41,145.41,325.41,183.41,76.409,134.41,338.41
233.51,153.51,123.51,93.508,103.51,249.51,292.51,317.51,326.51,345.51,146.51,75.508,47.508,-13.492,34.508,61.508,-29.492,180.51,250.51,133.51,69.508,202.51,202.51,205.51,41.508,-42.492,-31.492,153.51,71.508,-89.492,19.508,138.51,91.508,149.51,77.508,-69.492,-69.492,98.508,98.508,57.508,54.508,54.508,-79.492,-79.492,-57.492,-1.4917,131.51,53.508,64.508,10.508,48.508,96.508,210.51,78.508,86.508,167.51,320.51,304.51,104.51,-40.492,66.508,143.51,103.51,104.51,85.508,3.5083,5.5083,25.508,21.508,-44.492,148.51,64.508,51.508,146.51,99.508,177.51,167.51,69.508,-34.492,-2.4917,22.508,134.51,185.51,124.51,-66.492,46.508,1.5083,28.508,29.508,332.51,392.51,264.51,271.51,304.51,331.51,196.51,236.51,236.51,208.51,363.51,178.51,-88.492,-88.492,-52.492,-25.492,47.508,-28.492,-19.492,-50.492,-16.492,-16.492,-152.49,-176.49,-230.49,-248.49,-148.49,-167.49,-135.49,-68.492,-103.49,-103.49,-192.49,-95.492,-95.492,-95.492,-61.492,-61.492,-61.492,-93.492,-93.492,-93.492,-73.492,-73.492,-73.492,124.51,124.51,111.51,128.51,128.51,239.51,362.51,330.51,642.51,694.51,596.51,610.51,694.51,864.51,783.51,579.51,800.51,480.51,465.51,338.51,371.51,698.51,835.51,1119.5,1152.5,1473.5,1000.5,1078.5,1346.5,1101.5,989.51,989.51,919.51,1290.5,1160.5,1269.5,1033.5,1075.5,965.51,1503.5,361.51,1965.5,2110.5,1913.5,1754.5,1358.5,2299.5,840.51,1384.5,1056.5,884.51,1154.5,616.51,1269.5,950.51,761.51,838.51,1215.5,1276.5,1382.5,1283.5,1463.5,1148.5,655.51,1003.5,1078.5,658.51,1101.5,1140.5,1065.5,1126.5,880.51,721.51,214.51,338.51,410.51,405.51,802.51,955.51,833.51,852.51,731.51,260.51,283.51,701.51,692.51,863.51,508.51,508.51,268.51,268.51,372.51,372.51,383.51,227.51,254.51,254.51,194.51,195.51,359.51,322.51,194.51,212.51,273.51,533.51,431.51,265.51,343.51,311.51,126.51,166.51,276.51,248.51,527.51,519.51,453.51,306.51,263.51,142.51,142.51,69.508,107.51,55.508,-40.492,60.508,118.51,73.508,24.508,28.508,35.508,79.508,76.508,110.51,126.51,60.508,245.51,111.51,129.51,61.508,-88.492,475.51,114.51,114.51,71.508,92.508,-33.492,-33.492,-31.492,42.508,51.508,-156.49,-122.49,-102.49,-162.49,-186.49,-179.49,-274.49,-260.49,-289.49,-290.49,-290.49,-282.49,-189.49,-191.49,-226.49,-245.49,-246.49,-257.49,-234.49,-156.49,-156.49,10.508,10.508,-90.492,-90.492,-140.49,-50.492,-50.492,49.508,49.508,99.508,4.5083,141.51,99.508,-38.492,-46.492,-82.492,-36.492,3.5083,18.508,-125.49,-143.49,-102.49,-220.49,-125.49,-85.492,-107.49,-104.49,-168.49,-182.49,-230.49,-80.492,-88.492,-199.49,-163.49,-160.49,-172.49,-257.49,-215.49,-261.49,-218.49,-288.49,-165.49,-242.49,-210.49,-242.49,-154.49,-141.49,-4.4917,23.508,23.508,-16.492,-120.49,-256.49,42.508,67.508,233.51
8.6575,-53.343,17.657,0.65746,-1.3425,-124.34,-139.34,-200.34,-170.34,-158.34,-103.34,-237.34,-199.34,-267.34,-192.34,-193.34,-65.343,4.6575,-7.3425,-19.343,54.657,5.6575,48.657,48.657,193.66,171.66,159.66,170.66,170.66,72.657,-11.343,-11.343,-57.343,-69.343,-69.343,-192.34,-192.34,-192.34,-94.343,-94.343,-94.343,-157.34,-157.34,-157.34,-133.34,-67.343,-67.343,-17.343,155.66,155.66,210.66,330.66,290.66,354.66,364.66,245.66,353.66,300.66,310.66,310.66,167.66,7.6575,-141.34,-147.34,-8.3425,102.66,58.657,-68.343,-82.343,-51.343,-179.34,39.657,85.657,179.66,179.66,182.66,330.66,430.66,147.66,33.657,43.657,111.66,51.657,71.657,140.66,-48.343,-117.34,3.6575,-8.3425,-13.343,110.66,-85.343,-39.343,-73.343,24.657,60.657,102.66,102.66,-233.34,-67.343,-61.343,16.657,16.657,-28.343,-117.34,-79.343,-33.343,-48.343,7.6575,51.657,51.657,27.657,58.657,123.66,223.66,141.66,85.657,19.657,161.66,359.66,359.66,359.66,-5.3425,-5.3425,-5.3425,-44.343,-44.343,-44.343,-102.34,-102.34,-102.34,102.66,102.66,102.66,-221.34,-221.34,-176.34,-121.34,-121.34,-162.34,-172.34,-168.34,-180.34,-259.34,-244.34,-195.34,-208.34,-233.34,-279.34,-67.343,64.657,-113.34,-110.34,90.657,107.66,88.657,5.6575,361.66,424.66,423.66,590.66,618.66,659.66,695.66,472.66,299.66,457.66,1102.7,994.66,1198.7,1033.7,945.66,1530.7,1812.7,1109.7,1876.7,2245.7,2778.7,2845.7,3018.7,3425.7,2966.7,2828.7,2584.7,2576.7,2576.7,1645.7,1787.7,1600.7,1381.7,1626.7,1229.7,1907.7,1471.7,1427.7,1175.7,1129.7,1205.7,1019.7,1030.7,1100.7,1104.7,960.66,820.66,974.66,899.66,663.66,617.66,581.66,573.66,344.66,344.66,346.66,378.66,378.66,339.66,339.66,339.66,164.66,164.66,164.66,309.66,309.66,309.66,147.66,462.66,462.66,643.66,620.66,507.66,507.66,347.66,74.657,-144.34,-5.3425,-79.343,-128.34,-126.34,-122.34,-122.34,-213.34,-337.34,-337.34,-295.34,-319.34,-315.34,-335.34,-241.34,-241.34,-166.34,-166.34,-166.34,-205.34,-196.34,-231.34,-146.34,-254.34,-383.34,-325.34,-300.34,-300.34,-361.34,-268.34,-268.34,-239.34,-122.34,-122.34,-142.34,-70.343,-70.343,-30.343,-133.34,-232.34,-155.34,-155.34,-137.34,-125.34,-221.34,-315.34,-277.34,-297.34,-292.34,-186.34,-137.34,-209.34,-224.34,-46.343,9.6575,26.657,-26.343,-26.343,3.6575,136.66,266.66,197.66,89.657,-7.3425,140.66,142.66,-16.343,-80.343,-80.343,4.6575,-61.343,-61.343,33.657,26.657,26.657,84.657,84.657,84.657,2.6575,2.6575,-24.343,-24.343,-226.34,-226.34,-239.34,-33.343,8.6575,-93.343,66.657,136.66,61.657,101.66,115.66,69.657,100.66,59.657,41.657,-0.34254,90.657,66.657,122.66,43.657,-97.343,-160.34,-187.34,16.657,-7.3425,-25.343,-58.343,-9.3425,-21.343,-44.343,67.657,163.66,92.657,-23.343,-47.343,6.6575,7.6575,158.66,-53.343,107.66,7.6575,31.657,7.6575,-15.343,-122.34,8.6575
33.414,3.4144,3.4144,1.4144,-0.58564,-0.58564,-16.586,-77.586,-77.586,149.41,149.41,149.41,26.414,26.414,-2.5856,66.414,66.414,35.414,52.414,52.414,123.41,151.41,-46.586,-62.586,15.414,-44.586,-93.586,-87.586,-111.59,-43.586,-42.586,-73.586,-88.586,-103.59,33.414,-94.586,-221.59,-225.59,-169.59,-32.586,-32.586,89.414,203.41,203.41,203.41,140.41,60.414,62.414,35.414,83.414,45.414,60.414,-109.59,154.41,219.41,-41.586,102.41,-4.5856,22.414,-63.586,-45.586,-35.586,-88.586,-78.586,-141.59,-111.59,-201.59,-201.59,-117.59,12.414,82.414,82.414,27.414,39.414,13.414,-15.586,-189.59,-103.59,45.414,172.41,141.41,207.41,132.41,84.414,-0.58564,84.414,85.414,190.41,7.4144,-97.586,59.414,82.414,82.414,16.414,-23.586,-23.586,-27.586,-27.586,-27.586,73.414,73.414,73.414,-70.586,-70.586,-70.586,-79.586,-79.586,-79.586,-56.586,-56.586,-56.586,23.414,223.41,310.41,386.41,240.41,354.41,274.41,236.41,131.41,131.41,22.414,73.414,316.41,302.41,126.41,89.414,52.414,96.414,182.41,242.41,252.41,268.41,372.41,501.41,501.41,169.41,183.41,159.41,138.41,-44.586,-105.59,232.41,282.41,159.41,69.414,165.41,157.41,67.414,-61.586,-40.586,259.41,479.41,282.41,36.414,181.41,181.41,447.41,447.41,608.41,396.41,355.41,587.41,587.41,645.41,801.41,499.41,818.41,802.41,875.41,462.41,462.41,772.41,772.41,678.41,1140.4,854.41,728.41,976.41,976.41,1726.4,1607.4,1607.4,1414.4,1496.4,1496.4,1448.4,1155.4,1155.4,816.41,816.41,816.41,808.41,808.41,798.41,1167.4,1167.4,1209.4,1052.4,1052.4,1156.4,963.41,924.41,641.41,508.41,366.41,222.41,181.41,172.41,86.414,-65.586,-188.59,-167.59,-240.59,-260.59,-249.59,-259.59,-159.59,-89.586,-197.59,-232.59,-223.59,-316.59,-317.59,-317.59,-238.59,-297.59,-324.59,-329.59,-336.59,-287.59,-291.59,33.414,-92.586,-74.586,49.414,-98.586,-66.586,-40.586,47.414,141.41,-36.586,-46.586,-88.586,-64.586,157.41,-25.586,-25.586,-116.59,-73.586,-120.59,-181.59,-150.59,-154.59,-140.59,-242.59,-230.59,-180.59,-242.59,-291.59,-275.59,-272.59,-300.59,-277.59,-297.59,-256.59,-261.59,-230.59,-172.59,-144.59,-30.586,-20.586,-67.586,-129.59,-3.5856,-3.5856,-279.59,-290.59,-290.59,-97.586,-97.586,-97.586,68.414,68.414,68.414,103.41,103.41,208.41,106.41,106.41,106.41,116.41,145.41,247.41,221.41,150.41,71.414,35.414,68.414,0.41436,0.41436,22.414,-40.586,-152.59,-35.586,5.4144,14.414,36.414,36.414,30.414,36.414,237.41,38.414,38.414,30.414,30.414,-93.586,-9.5856,-40.586,15.414,-80.586,-45.586,-174.59,-120.59,-126.59,-56.586,-98.586,44.414,37.414,15.414,-33.586,16.414,19.414,45.414,-43.586,-108.59,-35.586,41.414,41.414,-184.59,-138.59,-180.59,-215.59,-215.59,-127.59,-95.586,120.41,225.41,-18.586,-142.59,-72.586,-72.586,-30.586,-58.586,-52.586,43.414,59.414,67.414,8.4144,62.414,33.414
3.9282,-78.072,11.928,148.93,150.93,302.93,302.93,109.93,66.928,70.928,38.928,-3.0718,-12.072,-100.07,-100.07,-134.07,-134.07,-86.072,103.93,103.93,-136.07,-136.07,-192.07,-192.07,-177.07,-177.07,-164.07,-298.07,-192.07,-51.072,-185.07,-302.07,-291.07,-250.07,-117.07,50.928,92.928,-110.07,-86.072,27.928,60.928,-74.072,-127.07,-145.07,-44.072,-119.07,-5.0718,17.928,29.928,-14.072,-44.072,-185.07,-101.07,-66.072,-60.072,-76.072,-78.072,-131.07,-155.07,-270.07,5.9282,-38.072,-144.07,-141.07,-126.07,-227.07,-129.07,-223.07,-147.07,-173.07,-163.07,-128.07,112.93,-170.07,-170.07,70.928,4.9282,-122.07,-122.07,-181.07,-174.07,-189.07,-383.07,-315.07,-345.07,-419.07,-337.07,-236.07,-249.07,-310.07,-249.07,-231.07,-125.07,-107.07,-136.07,-298.07,-220.07,-187.07,-275.07,-275.07,-195.07,-175.07,-175.07,-366.07,-366.07,-366.07,-350.07,-350.07,-350.07,-416.07,-416.07,-416.07,-301.07,-301.07,-254.07,-286.07,-286.07,-286.07,-299.07,-403.07,-430.07,-404.07,-404.07,-291.07,-272.07,-267.07,-266.07,-266.07,-317.07,-321.07,-190.07,-31.072,-31.072,-146.07,-290.07,-336.07,-253.07,-201.07,-201.07,36.928,86.928,265.93,114.93,211.93,152.93,293.93,275.93,77.928,438.93,640.93,695.93,499.93,438.93,692.93,941.93,639.93,719.93,633.93,1036.9,1135.9,549.93,713.93,1305.9,1496.9,1931.9,1819.9,1466.9,1208.9,1556.9,1152.9,1640.9,1407.9,1255.9,1934.9,1414.9,1498.9,1702.9,1951.9,3001.9,2662.9,3377.9,3218.9,3193.9,3323.9,3336.9,2740.9,2764.9,2921.9,1944.9,1237.9,1063.9,857.93,516.93,591.93,591.93,794.93,794.93,1350.9,1031.9,1031.9,1052.9,1052.9,933.93,933.93,512.93,512.93,113.93,317.93,389.93,540.93,418.93,770.93,1235.9,943.93,793.93,821.93,722.93,1155.9,953.93,786.93,1144.9,949.93,719.93,831.93,469.93,337.93,295.93,315.93,217.93,124.93,274.93,274.93,5.9282,-8.0718,-0.071823,155.93,200.93,-62.072,223.93,128.93,-32.072,97.928,176.93,75.928,-106.07,-125.07,-71.072,202.93,176.93,197.93,86.928,170.93,55.928,42.928,-116.07,-36.072,-75.072,-75.072,-62.072,112.93,-41.072,-149.07,-112.07,-54.072,-6.0718,-13.072,105.93,-39.072,6.9282,-69.072,-178.07,-193.07,-93.072,-10.072,162.93,131.93,-166.07,-178.07,-114.07,76.928,76.928,374.93,374.93,430.93,222.93,222.93,282.93,282.93,282.93,249.93,249.93,91.928,79.928,79.928,-33.072,-135.07,-135.07,-79.072,-19.072,-1.0718,95.928,103.93,115.93,60.928,33.928,-65.072,-121.07,-89.072,6.9282,114.93,110.93,-100.07,-13.072,109.93,172.93,91.928,363.93,363.93,223.93,57.928,-108.07,-108.07,-23.072,157.93,102.93,-14.072,40.928,-17.072,85.928,69.928,68.928,182.93,262.93,283.93,129.93,76.928,4.9282,57.928,120.93,282.93,266.93,281.93,403.93,512.93,229.93,-48.072,56.928,56.928,221.93,74.928,285.93,146.93,69.928,222.93,284.93,329.93,100.93,-95.072,20.928,54.928,3.9282
7.9006,162.9,162.9,-23.099,7.9006,7.9006,53.901,8.9006,55.901,245.9,217.9,326.9,313.9,158.9,6.9006,-101.1,-39.099,-59.099,-177.1,-137.1,-69.099,80.901,59.901,166.9,319.9,297.9,74.901,74.901,274.9,261.9,203.9,58.901,-142.1,-178.1,-145.1,27.901,38.901,-110.1,-55.099,-48.099,59.901,-2.0994,-82.099,-160.1,-177.1,-50.099,4.9006,16.901,63.901,145.9,197.9,56.901,33.901,-77.099,-1.0994,82.901,233.9,235.9,235.9,243.9,7.9006,-283.1,-174.1,-131.1,-147.1,-250.1,-231.1,-107.1,-48.099,-71.099,-51.099,106.9,66.901,25.901,8.9006,-4.0994,-31.099,269.9,162.9,162.9,-158.1,-123.1,-123.1,-228.1,-116.1,-116.1,-204.1,-204.1,-204.1,244.9,244.9,244.9,-16.099,-16.099,-6.0994,-132.1,-132.1,-207.1,-96.099,-41.099,45.901,5.9006,5.9006,-221.1,-294.1,-294.1,-351.1,-351.1,-71.099,-48.099,20.901,-315.1,-315.1,-384.1,-365.1,-378.1,-375.1,-433.1,-433.1,-392.1,-414.1,-411.1,-389.1,-415.1,-383.1,-407.1,-309.1,-371.1,-393.1,-379.1,-389.1,-273.1,-281.1,-292.1,-308.1,-410.1,-380.1,-409.1,-368.1,-332.1,-369.1,-425.1,-393.1,-373.1,-373.1,-343.1,-270.1,-268.1,-268.1,-28.099,161.9,225.9,254.9,418.9,554.9,331.9,719.9,782.9,1185.9,1244.9,1526.9,1597.9,1903.9,2308.9,2727.9,2502.9,2296.9,2343.9,1858.9,1661.9,1499.9,1499.9,1765.9,1623.9,1848.9,2270.9,2721.9,2522.9,2654.9,2789.9,2946.9,2946.9,2401.9,2354.9,1797.9,1806.9,1480.9,1171.9,1025.9,691.9,1446.9,1059.9,875.9,1193.9,1136.9,695.9,565.9,542.9,561.9,410.9,621.9,708.9,671.9,448.9,299.9,480.9,270.9,126.9,126.9,237.9,237.9,38.901,73.901,91.901,197.9,51.901,156.9,-45.099,-56.099,-40.099,-81.099,-134.1,-237.1,-83.099,-120.1,-113.1,-153.1,-54.099,-11.099,-33.099,-155.1,-131.1,-233.1,-233.1,-124.1,-137.1,-181.1,-95.099,-234.1,-278.1,-365.1,-270.1,-134.1,-205.1,-123.1,-132.1,-262.1,-290.1,-290.1,-224.1,-231.1,-191.1,-111.1,-36.099,-148.1,-90.099,-90.099,-90.099,-90.099,-149.1,-2.0994,-2.0994,270.9,99.901,99.901,99.901,236.9,236.9,236.9,-27.099,-27.099,-27.099,215.9,233.9,147.9,91.901,91.901,88.901,-9.0994,-166.1,-46.099,-49.099,-74.099,-200.1,-248.1,-286.1,-208.1,-153.1,-204.1,-19.099,111.9,68.901,71.901,46.901,103.9,9.9006,-32.099,-32.099,11.901,82.901,-243.1,-243.1,-110.1,-12.099,75.901,8.9006,-91.099,-214.1,-189.1,-136.1,-61.099,-73.099,1.9006,-118.1,-77.099,-63.099,-43.099,-141.1,-107.1,-144.1,-25.099,18.901,162.9,81.901,116.9,160.9,175.9,25.901,-33.099,-27.099,144.9,219.9,-49.099,-35.099,20.901,20.901,-90.099,43.901,0.90055,-193.1,-164.1,-129.1,96.901,136.9,161.9,-65.099,-24.099,18.901,-32.099,43.901,119.9,119.9,-144.1,-144.1,50.901,50.901,-73.099,-73.099,-73.099,7.9006,7.9006
35.271,87.271,5.2707,30.271,-11.729,143.27,335.27,496.27,271.27,268.27,-152.73,-6.7293,199.27,-17.729,59.271,212.27,271.27,185.27,243.27,67.271,-84.729,-37.729,118.27,166.27,17.271,13.271,87.271,216.27,2.2707,51.271,-28.729,121.27,155.27,8.2707,-54.729,77.271,-36.729,-58.729,-58.729,-89.729,-89.729,-79.729,179.27,179.27,63.271,63.271,-145.73,-145.73,-145.73,-315.73,-315.73,-31.729,-31.729,-42.729,-42.729,-179.73,-190.73,-201.73,-384.73,-395.73,-432.73,-352.73,-323.73,-348.73,-382.73,-425.73,-433.73,-390.73,-345.73,-369.73,-273.73,-272.73,-216.73,-88.729,-147.73,3.2707,58.271,58.271,2.2707,292.27,53.271,128.27,77.271,1.2707,-44.729,82.271,-52.729,55.271,172.27,228.27,84.271,11.271,-48.729,-167.73,-248.73,-217.73,-340.73,-432.73,-388.73,-415.73,-381.73,-413.73,-426.73,-371.73,-366.73,-432.73,-403.73,-403.73,-375.73,-342.73,-323.73,-358.73,-407.73,-426.73,-419.73,-410.73,-396.73,-350.73,-365.73,-411.73,-438.73,-432.73,-391.73,-387.73,-374.73,-386.73,-336.73,-358.73,-324.73,-358.73,-376.73,-344.73,-284.73,-290.73,-331.73,-362.73,-345.73,-333.73,-327.73,-119.73,-171.73,91.271,95.271,-279.73,-206.73,-19.729,-43.729,-12.729,126.27,44.271,135.27,131.27,150.27,139.27,127.27,585.27,763.27,591.27,635.27,760.27,1144.3,1213.3,1155.3,1250.3,1604.3,1802.3,1610.3,1338.3,1334.3,1245.3,1679.3,1926.3,1607.3,1824.3,2156.3,1991.3,2513.3,2098.3,2525.3,2713.3,3161.3,3062.3,2249.3,2841.3,2666.3,2519.3,2447.3,2175.3,1977.3,1944.3,2334.3,2928.3,2438.3,2127.3,2456.3,3019.3,3010.3,2072.3,2304.3,2059.3,1727.3,1337.3,863.27,506.27,522.27,543.27,858.27,774.27,584.27,524.27,586.27,493.27,336.27,-14.729,-71.729,-102.73,-68.729,-120.73,-88.729,9.2707,16.271,-40.729,104.27,242.27,85.271,45.271,-61.729,22.271,22.271,-149.73,-149.73,84.271,84.271,-241.73,-241.73,-206.73,-111.73,-87.729,-94.729,3.2707,7.2707,-38.729,-66.729,-80.729,-24.729,135.27,200.27,60.271,415.27,359.27,380.27,226.27,20.271,48.271,10.271,-8.7293,2.2707,-18.729,111.27,217.27,264.27,248.27,-82.729,41.271,-31.729,-39.729,-9.7293,-6.7293,121.27,194.27,174.27,32.271,47.271,-87.729,43.271,415.27,192.27,181.27,112.27,244.27,220.27,128.27,78.271,96.271,7.2707,34.271,-51.729,-160.73,-160.73,-93.729,-125.73,-60.729,64.271,73.271,-21.729,40.271,60.271,118.27,46.271,-63.729,-142.73,-219.73,-136.73,-44.729,32.271,-120.73,-31.729,31.271,126.27,65.271,-118.73,-59.729,-43.729,-1.7293,-51.729,-85.729,-85.729,-139.73,-125.73,-125.73,-219.73,-167.73,-125.73,114.27,-44.729,-160.73,-128.73,-148.73,-85.729,223.27,58.271,272.27,231.27,238.27,90.271,59.271,187.27,98.271,-11.729,86.271,26.271,-21.729,-109.73,22.271,-21.729,-0.72928,9.2707,150.27,248.27,162.27,202.27,86.271,99.271,133.27,88.271,109.27,128.27,167.27,109.27,98.271,35.271
94.028,142.03,53.028,75.028,125.03,169.03,9.0276,126.03,223.03,129.03,108.03,-126.97,-22.972,-109.97,-109.97,-188.97,159.03,163.03,41.028,135.03,89.028,-47.972,15.028,-6.9724,-107.97,-68.972,-183.97,-44.972,74.028,-21.972,51.028,-46.972,-122.97,-57.972,-129.97,-127.97,66.028,72.028,-76.972,26.028,96.028,-61.972,-50.972,9.0276,33.028,178.03,185.03,131.03,196.03,92.028,90.028,103.03,-36.972,-91.972,-133.97,-161.97,-208.97,-68.972,60.028,143.03,91.028,-46.972,-95.972,-94.972,-66.972,-146.97,-146.97,24.028,117.03,6.0276,94.028,94.028,-157.97,-157.97,-157.97,-48.972,-48.972,-8.9724,100.03,100.03,139.03,-115.97,-115.97,-115.97,-220.97,-85.972,-77.972,-104.97,-83.972,28.028,28.028,-235.97,-292.97,-292.97,-177.97,-185.97,-221.97,-218.97,-281.97,-318.97,-324.97,-251.97,-272.97,-310.97,-282.97,-231.97,-284.97,-224.97,-224.97,-172.97,-157.97,-155.97,-258.97,-257.97,-272.97,-246.97,-249.97,-276.97,-372.97,-355.97,-320.97,-226.97,-190.97,-162.97,-247.97,-215.97,-319.97,-390.97,-352.97,-347.97,-342.97,-342.97,-230.97,-217.97,-175.97,-102.97,-102.97,-78.972,-88.972,-175.97,56.028,-128.97,-270.97,-132.97,-146.97,-39.972,-39.972,-128.97,-39.972,57.028,80.028,100.03,241.03,157.03,72.028,535.03,450.03,388.03,556.03,556.03,1243,1014,1110,1126,1260,1161,1401,1394,1504,1504,1987,1575,2032,1655,1533,1636,1653,890.03,1708,1982,2120,1467,1623,1612,1520,1411,856.03,813.03,748.03,426.03,474.03,795.03,1089,1181,997.03,1027,1068,938.03,816.03,633.03,521.03,367.03,427.03,695.03,723.03,560.03,667.03,540.03,743.03,417.03,342.03,376.03,508.03,363.03,365.03,330.03,292.03,152.03,247.03,197.03,286.03,83.028,135.03,76.028,76.028,195.03,172.03,327.03,117.03,77.028,67.028,65.028,-73.972,-86.972,-61.972,9.0276,-41.972,-39.972,-18.972,91.028,51.028,-34.972,-13.972,-101.97,56.028,63.028,63.028,155.03,49.028,23.028,-36.972,-36.972,4.0276,4.0276,4.0276,-138.97,-138.97,-16.972,-16.972,-123.97,-66.972,-72.972,-57.972,-127.97,-118.97,-31.972,12.028,100.03,-44.972,-66.972,-16.972,58.028,36.028,-30.972,-79.972,86.028,161.03,141.03,61.028,417.03,267.03,50.028,103.03,193.03,18.028,-15.972,-55.972,-55.972,97.028,113.03,47.028,24.028,24.028,176.03,238.03,250.03,90.028,-36.972,-42.972,99.028,80.028,70.028,17.028,16.028,186.03,186.03,118.03,101.03,257.03,221.03,221.03,243.03,226.03,138.03,138.03,-27.972,169.03,92.028,59.028,47.028,36.028,-74.972,-46.972,-180.97,-241.97,-206.97,-221.97,-245.97,-171.97,-171.97,-154.97,-119.97,-254.97,-314.97,-314.97,-230.97,-230.97,-185.97,-48.972,-48.972,-47.972,-47.972,-45.972,-45.972,-45.972,-248.97,-248.97,-181.97,-181.97,-74.972,-74.972,-29.972,-71.972,-99.972,-96.972,72.028,4.0276,116.03,102.03,-47.972,94.028
86.928,115.93,149.93,104.93,130.93,-49.072,-35.072,83.928,60.928,2.9282,92.928,111.93,99.928,14.928,269.93,7.9282,76.928,-43.072,27.928,27.928,-0.071823,-184.07,-214.07,-125.07,-73.072,-63.072,-121.07,-7.0718,92.928,52.928,61.928,19.928,28.928,-62.072,-166.07,-100.07,97.928,63.928,129.93,75.928,68.928,10.928,10.928,-24.072,-38.072,-38.072,-76.072,-76.072,80.928,80.928,80.928,163.93,163.93,207.93,207.93,170.93,143.93,143.93,215.93,269.93,173.93,116.93,26.928,-58.072,-49.072,29.928,106.93,125.93,44.928,-30.072,-81.072,-41.072,41.928,-49.072,119.93,56.928,111.93,98.928,27.928,28.928,51.928,8.9282,-52.072,135.93,14.928,-86.072,-66.072,-92.072,-117.07,-167.07,-162.07,-8.0718,13.928,77.928,-105.07,37.928,113.93,341.93,92.928,-73.072,-30.072,64.928,200.93,146.93,-35.072,-57.072,105.93,103.93,113.93,85.928,85.928,-17.072,-75.072,-20.072,55.928,40.928,51.928,87.928,177.93,73.928,-24.072,66.928,103.93,170.93,262.93,262.93,123.93,121.93,83.928,34.928,-130.07,-89.072,-89.072,72.928,143.93,143.93,324.93,324.93,183.93,183.93,183.93,-15.072,-15.072,36.928,36.928,225.93,165.93,165.93,299.93,299.93,467.93,500.93,336.93,484.93,586.93,632.93,741.93,496.93,547.93,810.93,860.93,754.93,699.93,848.93,984.93,1241.9,1250.9,1146.9,1353.9,1245.9,1462.9,1190.9,931.93,1276.9,1305.9,1226.9,1371.9,1397.9,1615.9,1345.9,2000.9,1354.9,1638.9,1464.9,1118.9,1373.9,1215.9,569.93,815.93,1251.9,812.93,827.93,941.93,1054.9,1020.9,1262.9,1262.9,1021.9,791.93,819.93,819.93,900.93,542.93,474.93,347.93,328.93,409.93,534.93,652.93,327.93,147.93,214.93,241.93,340.93,406.93,325.93,422.93,399.93,166.93,278.93,320.93,245.93,245.93,317.93,387.93,387.93,212.93,212.93,248.93,248.93,248.93,181.93,181.93,162.93,162.93,44.928,107.93,107.93,147.93,147.93,295.93,423.93,363.93,319.93,319.93,140.93,168.93,200.93,234.93,81.928,75.928,339.93,226.93,250.93,293.93,374.93,200.93,67.928,123.93,305.93,188.93,262.93,272.93,266.93,-73.072,232.93,191.93,190.93,-1.0718,-198.07,-90.072,-11.072,-20.072,34.928,40.928,148.93,-23.072,-149.07,-25.072,27.928,43.928,12.928,-63.072,-10.072,69.928,-0.071823,97.928,-42.072,-67.072,29.928,34.928,-24.072,36.928,141.93,185.93,151.93,170.93,194.93,238.93,195.93,82.928,35.928,-67.072,-88.072,-66.072,55.928,130.93,35.928,-62.072,-66.072,61.928,149.93,20.928,20.928,-129.07,-129.07,-144.07,-144.07,-215.07,-215.07,-215.07,144.93,144.93,-115.07,-115.07,-99.072,-197.07,-197.07,-289.07,-179.07,-118.07,66.928,78.928,-52.072,-30.072,-71.072,-90.072,-111.07,-86.072,-138.07,-73.072,-81.072,-178.07,-25.072,-61.072,-54.072,-49.072,-108.07,-155.07,-155.07,-196.07,-274.07,-181.07,-188.07,-14.072,46.928,51.928,15.928,-73.072,-76.072,86.928
